Feature,Importance
Discount,0.6038807444845421
Sales,0.15825578146492114
Sub-Category,0.08286763200065858
Quantity,0.051208105242961786
Region,0.03227297512380988
Category,0.031841580234897846
Ship Mode,0.020508272587003575
Segment,0.019164908861205098
